Carnet,DPI,Nombre,Carrera,Password,Creditos,Edad,Correo 
201183728,2050740201006,Alvin Huckett,Ingenieria Quimica,DGHS2Xi,222,20,AlvinHuckett_60@outlook.org
2010244,5970926381748,Nertie Laurenzi,Ingenieria Mecanica Industrial,198yxel,139,19,NertieLaurenzi.75@hotmail.es
201210811,879575888,Lamont Barthrup,Ingenieria Mecanica,j60uy9,53,25,LamontBarthrup_34@outlook.org
201315898,5531711621404,Bernadette Pescud,Ingenieria Mecanica Industrial,TXz6b,190,28,BernadettePescud.10outlook.com
201582352,4172564417242,Bobina Delacroux,Ingenieria Mecanica Industrial,m6ILxd,113,23,BobinaDelacroux_46@hotmail.com
201115140,8429519350118,Pebrook Gircke,Ingenieria Mecanica,Ysgy3Vt,172,19,PebrookGircke93@undefined.org
201350393,9029374304090,Laurie Tumilty,Ingenieria en Ciencias y Sistemas,UKazTS0,124,20,LaurieTumilty58@undefined.com
201698163,8010354636352,Barn Killingbeck,Ingenieria Mecanica Electrica,38KWHL,130,20,BarnKillingbeck33@gmail.org
201402462,3594915493584,Joscelin Fewings,Ingenieria Mecanica,tF7ZroZ,202,25,JoscelinFewings_56@outlook.es
201643353,9692561360208,Llywellyn Woodnutt,Ingenieria Mecanica Electrica,ui708GE,44,27,LlywellynWoodnutt_83@gmail.es
201043689,0714796787404,Ardene Benediktovich,Ingenieria Mecanica,muiPC17,13,23,ArdeneBenediktovich72@outlook.org
201489697,3310894947855,Judye Rossborough,Ingenieria Mecanica Electrica,k9oGtrw,3,26,JudyeRossborough_49@yahoo.com
201818908,2689202578134,Wilbur Alberts,Ingenieria en Ciencias y Sistemas,SSeRj8d,64,18,WilburAlberts45@hotmail.org
201816850,0154497044345,Emili Palleske,Ingenieria Mecanica,17x8L,28,21,EmiliPalleske.89@gmail.com
201232485,3762365704505,Vivian Currer,Ingenieria Quimica,xe7yeho,218,28,VivianCurrer_25@outlook.org
201131811,3347258005328,Eloise Trevarthen,Ingenieria Mecanica,B8FP4,201,22,EloiseTrevarthen91@hotmail.es
201476680,4293824642888,Kim Westphal,Ingenieria Quimica,qtry5,159,19,KimWestphal38@yahoo.com
201511649,5648266954532,Aylmar Raubenheimer,Ingenieria Mecanica,76816q,163,23,AylmarRaubenheimer.27@hotmail.es
201255643,7672150791181,Alvin Huckett,Ingenieria Industrial,g4X4Ak,65,29,AlvinHuckett_63@undefined.org
201947729,1430797138430,Camila Dibbert,Ingenieria Mecanica Industrial,b4wdeP,188,21,CamilaDibbert.81@gmail.com
201173540,3235002226847,Alvin Huckett,Ingenieria Industrial,ITrpSM0,104,22,AlvinHuckett_65@outlook.org
201704168,3379162068993,Tim Goldspink,Ingenieria Mecanica Electrica,Cmg7g,137,19,TimGoldspink.71@aol.com
201661519,9302712249273,Harvey Darbyshire,Ingenieria Mecanica,Asv30,55,26,HarveyDarbyshire_63@gmail.com
201309890,6364119505269,Grayce Poltone,Ingenieria Industrial,bCp3F57,133,18,GraycePoltone_20@hotmail.es
201740604,2625352358554,Llywellyn Woodnutt,Ingenieria en Ciencias y Sistemas,Bk8jU,3,19,LlywellynWoodnutt.46@gmail.org
201646518,8696013129504,Aylmar Raubenheimer,Ingenieria Mecanica Electrica,3j9MHF,192,22,AylmarRaubenheimer31@aol.com
201766242,3780452896411,Franky Viney,Ingenieria Mecanica Electrica,UC1hKp,164,20,FrankyViney72@aol.com
201537627,6000394094296,Aylmar Raubenheimer,Ingenieria Mecanica Electrica,82MID7,3,24,AylmarRaubenheimer82@undefined.com
201327675,5005953751371,Lamont Barthrup,Ingenieria Mecanica Electrica,CAt1n,171,20,LamontBarthrup.75@hotmail.org
201897987,2193345266141,Michelle Glanister,Ingenieria Quimica,8cIUD,226,25,MichelleGlanister.13@aol.org
201500866,7040168688236,Claybourne Nelmes,Ingenieria en Ciencias y Sistemas,4xCS04,121,19,ClaybourneNelmes_2@aol.com
201359507,6474775706799,Olly Brunelleschi,Ingenieria Quimica,rdjy6j,52,22,OllyBrunelleschi_86@aol.com
201954202,2496399691941,Eloise Trevarthen,Ingenieria Mecanica Industrial,6RNgz,196,29,EloiseTrevarthen.4@undefined.org
201412244,3239472177167,Eba Keitley,Ingenieria Industrial,BRdQj,238,22,EbaKeitley73@undefined.com
201234795,9082300809939,Wilbur Alberts,Ingenieria Mecanica Industrial,0oXnv,80,29,WilburAlberts_86@yahoo.com
201594265,2831630574772,Ardene Benediktovich,Ingenieria Mecanica Industrial,15Asd,242,26,ArdeneBenediktovich_57@hotmail.org
201790782,3168522176927,Claybourne Nelmes,Ingenieria en Ciencias y Sistemas,d70Vi,0,22,ClaybourneNelmes_82@aol.com
201374369,8311431297185,Lionel Messi,Ingenieria Mecanica Industrial,cVzaR8,93,20,LionelMessi.17@aol.es
201709702,4245428187625,Dillon Blandamere,Ingenieria Industrial,3f5qj,84,20,DillonBlandamere_33@undefined.com
201635991,2702608963916,Boycie Langlais,Ingenieria Industrial,vCGgb2,113,29,BoycieLanglais24@aol.es
201389879,1332692632257,Darn Studdal,Ingenieria Industrial,r80ja,244,23,DarnStuddal88@gmail.com
201375524,3164173770900,Tim Goldspink,Ingenieria Quimica,Nu96Sq3,1,20,TimGoldspink_27@yahoo.es
201428558,8783633019549,Llywellyn Woodnutt,Ingenieria Mecanica,qWlnP7,5,24,LlywellynWoodnutt.12@gmail.es
201933753,6467642780621,Bobina Delacroux,Ingenieria en Ciencias y Sistemas,8DGPFmN,147,25,BobinaDelacroux_64@gmail.com
201774497,6327689577005,Llywellyn Woodnutt,Ingenieria en Ciencias y Sistemas,RN1Dgbd,90,26,LlywellynWoodnutt_44@aol.org
201145786,4820546644233,Harvey Darbyshire,Ingenieria Mecanica,uJW2Q,88,22,HarveyDarbyshire.56@outlook.com
201509061,3761268073554,Tim Goldspink,Ingenieria Mecanica Electrica,DPx0LQ0,108,23,TimGoldspink.36@aol.com
201068965,7207003476187,Tim Goldspink,Ingenieria Mecanica Industrial,MF4vc6,112,26,TimGoldspink.1@yahoo.org
201991578,7437219208336,Olly Brunelleschi,Ingenieria Mecanica Industrial,H1xi3,102,29,OllyBrunelleschi.78@yahoo.org
201803912,3995410773680,Emili Palleske,Ingenieria Mecanica Industrial,ODYgI,205,26,EmiliPalleske.68@gmail.com
201921767,5042024988582,Consolata Reskelly,Ingenieria Mecanica,cBP1bt7,200,27,ConsolataReskelly.30@undefined.com
201157605,2503385887437,Alonzo Seagrove,Ingenieria Industrial,92V6h,226,22,AlonzoSeagrove_35@undefined.org
201761573,5372214388411,Alonzo Seagrove,Ingenieria Quimica,24ldm,51,22,AlonzoSeagrove_54@hotmail.es
201825364,6772854332066,Phillis Syrie,Ingenieria Quimica,rU2QYr,111,28,PhillisSyrie_17@hotmail.es
201022466,0579054127201,Wash Sedgemore,Ingenieria Mecanica Electrica,1E8vp8,130,29,WashSedgemore_70@outlook.com
201006295,6483009710551,Roderigo Gomme,Ingenieria Mecanica Electrica,w1E8BW,23,24,RoderigoGomme_92@yahoo.org
201116100,7247421869888,Franky Viney,Ingenieria Quimica,5K0p7N,42,26,FrankyViney_42@hotmail.es
201773473,1563507262381,Krystal Crellin,Ingenieria Mecanica,3KgBk,88,26,KrystalCrellin.48@outlook.org
201119966,9030770152211,Michelle Glanister,Ingenieria Industrial,J9Tq39,225,23,MichelleGlanister87@outlook.com
201669286,3126321523297,Tim Goldspink,Ingenieria Mecanica,QQNPe8,187,21,TimGoldspink_45@gmail.es
201147451,9093933675701,Ellerey Sherwyn,Ingenieria Mecanica Electrica,20H3Hx,80,23,EllereySherwyn.51@gmail.es
201864201,8208413026556,Claybourne Nelmes,Ingenieria en Ciencias y Sistemas,69548z,25,25,ClaybourneNelmes.78@hotmail.com
201667272,9443025623424,Adriaens Timms,Ingenieria en Ciencias y Sistemas,Pe8Ucp,237,21,AdriaensTimms43@aol.org
201668149,6435886693765,Harvey Darbyshire,Ingenieria Mecanica,u4jxe57,31,27,HarveyDarbyshire_31@gmail.org
201764124,6773833243077,Harvey Darbyshire,Ingenieria Industrial,0DDF8,219,21,HarveyDarbyshire.59@gmail.es
201516603,4062043125856,Aylmar Raubenheimer,Ingenieria Mecanica Industrial,Sv4HFP,168,19,AylmarRaubenheimer.85@aol.com
201327079,8292286385716,Franky Viney,Ingenieria Industrial,GhhLi,179,21,FrankyViney.59@aol.es
201906670,2245119831085,Franky Viney,Ingenieria Mecanica Industrial,PCAanL,198,23,FrankyViney_49@yahoo.es
201461415,8579079230016,Roderigo Gomme,Ingenieria Mecanica Industrial,6GEfOg,113,20,RoderigoGomme_55@aol.org
201009015,1962623323417,Afton Hounson,Ingenieria Mecanica,PQvEC5,12,23,AftonHounson.43@aol.com
201137248,4264540703955,Eba Keitley,Ingenieria Mecanica,K8ZY0mI,35,22,EbaKeitley83@outlook.org
201339503,1169570189320,Drusilla Louca,Ingenieria Mecanica Industrial,xW0NS,41,29,DrusillaLouca1@outlook.com
201110247,7882408800987,Aylmar Raubenheimer,Ingenieria Mecanica Electrica,oKlY9O7,171,19,AylmarRaubenheimer_82@yahoo.org
201125580,1846903502498,Boycie Langlais,Ingenieria en Ciencias y Sistemas,MhBaUtl,190,21,BoycieLanglais.61@hotmail.com
201315288,7044319749868,Joscelin Fewings,Ingenieria Mecanica Electrica,3htilF,89,27,JoscelinFewings.27@yahoo.es